Name,Price,Rating
Unisex-Adult King 21 It,"3,584.85",4.4 out of 5 stars
"i-Stud, Orange",749,5.0 out of 5 stars
Blaze-2.0,999,3.9 out of 5 stars
Airstrike,839,3.7 out of 5 stars
Ozone,698,3.9 out of 5 stars
Men's Gravity,802,4.4 out of 5 stars
Nivia Carbonite 5.0,789,4.0 out of 5 stars
Carbonite 4.0,849,3.8 out of 5 stars
Nitro-X,665,4.1 out of 5 stars
Encounter 10.0 F.B Stud for Men,875,4.1 out of 5 stars
Royale+ Men's Turf,"1,099",4.0 out of 5 stars
Chaser Kids,690,4.0 out of 5 stars
Carbon-X,797,3.8 out of 5 stars
PRO Encounter 7,"1,117",3.9 out of 5 stars
Infiniti,587,3.8 out of 5 stars
Vector X Men's PVC Dynamic 001 Black/Silver,639,3.8 out of 5 stars
Airstrike,818,4.1 out of 5 stars
Storm,770,4.0 out of 5 stars
"i-Stud, Yellow",749,4.3 out of 5 stars
Boost,"1,199",3.0 out of 5 stars
Fantastic,"1,903",3.7 out of 5 stars
Royale,722,3.9 out of 5 stars
Unisex-Child Tacto Ii Fg/Ag Jr Sneaker,"1,639",4.1 out of 5 stars
PRO Carbonite 5.0,997,3.8 out of 5 stars
Nivia Men Crane 2.0,994,3.7 out of 5 stars
Oslar Blade 2.0,"1,629",3.9 out of 5 stars
Men Ashtang,"1,255.10",4.0 out of 5 stars
Micro,990,3.6 out of 5 stars
Mens Rapido Iii Fg/Ag,"2,249",4.5 out of 5 stars
Soccer Cleats,706,3.8 out of 5 stars
mens Jaguar shoe,"1,899",3.8 out of 5 stars
Vibrant,934,3.9 out of 5 stars
Nivia Dominator 2.0,"1,168",3.8 out of 5 stars
mens Leather,775,3.4 out of 5 stars
Pro Encounter 10.0,"1,119",N/A
Fubol Bengal Tiger,539,N/A
Ashtang Gold,"1,653",3.9 out of 5 stars
Unisex-Adult Rapido Iii Fg/Ag Jr Faux Leather Running Shoes,"1,999",2.1 out of 5 stars
Pro Rattle Snake,929,4.6 out of 5 stars
Messi Ankle Green,889,4.4 out of 5 stars
Mens Future Play Fg/Ag,"3,839",3.4 out of 5 stars
Unisex Edge.3 Fg J Shoes,"2,527.57",2.7 out of 5 stars
4997BL Other Treffer,"1,424",3.8 out of 5 stars
Unisex-Child X Speedflow.4 FxG J Shoes,"1,858.20",3.3 out of 5 stars
Turbo-X,799,3.6 out of 5 stars
mens,680,4.1 out of 5 stars
FST,719,N/A
Unisex-Child Copa Sense.4 FxG J,"2,178",2.7 out of 5 stars
Hydra X Men's,"1,399",N/A
Carbonite 6.0 Kids,781,N/A
Stria Turf Shoes for Mens,850,4.0 out of 5 stars
